vid,pid,gid,客戶名稱,UID,新增日期,服務迄日,server_bandwidth_service_level,UID報價,备注   x/年拖管费,Total
AA66,0,0,亚美斯达科技有限公司,"1,000",,2019/12/31,,,暂停服务,
A180,1,1,深圳市南方安创科技有限公司,"1,000",,2019/12/31,,,暂停服务,
A160,1,1,宁波安然电子有限公司,"3,000",2018/1/25,2021/1/26,G,6.5,1,7.5
B008,1,1,上海安威士科技股份有限公司,"1,000",2017/6/20,2020/6/19,,,一年一块,
1894,F300,F100,ASIA OPTICAL INTERNATIONAL LTD(亞洲光學),"20,000",,無申請單,,,,
AA29,A001,A001,深圳奥尼电子股份有限公司,"52,997",2019/8/22,2020/12/2,,3,服务器回收4000元,
AA29,A001,A002,深圳奥尼电子股份有限公司,"7,867",2020/4/15,2021/4/14,,,一年一块,
AA29,AA29,AA29,深圳奥尼电子股份有限公司,"12,508",2019/8/22,2020/12/2,,,服务器回收4000元,
A136,1,1,深圳市博威创新技术有限公司,"30,000",2017/3/22,2020/3/22,E,5.7,1,
A136,2,2,深圳市博威创新技术有限公司,"65,000",2018/6/29,2021/6/30,,,一年一块,
A136,3,3,深圳市博威创新技术有限公司,"5,000",2018/6/29,2021/6/30,,,一年一块,
AA87,1,1,东莞市宝人电器科技有限公司,"8,000",,2019/12/31,E,8,1,
C011,F300,F100,Bosma USA,"5,000",2019/3/5,2024/3/4,,,,
C011,F300,F101,Bosma USA,"50,000",2019/3/5,2024/3/4,,,,
C011,F300,F102,Bosma USA,"20,000",2019/3/5,2024/3/4,,,,
C011,F300,F103,Bosma USA,"15,000",2019/3/5,2024/3/4,,,,
C011,F300,F104,Bosma USA,"15,000",2019/3/5,2024/3/4,,,,
A202,1,1,深圳市寶威利有限公司,"2,700",2019/7/1,2020/6/30,G,1.5,0.66,2.16
A202,1,2,深圳市寶威利有限公司,"5,100",2020/3/27,2022/9/26,,,三年两块,
A202,1,3,深圳市寶威利有限公司,100,2020/3/27,2022/9/26,,,三年两块,
A202,1,4,深圳市寶威利有限公司,540,2020/3/27,2023/3/26,,,一年一块,
A202,1,5,深圳市寶威利有限公司,20,2020/3/30,2022/9/29,,,三年两块,
6614,F100,F300,英屬維京群島商創高技術有限公司台灣分公司,"5,000",2018/11/14,2023/11/13,,,,
6614,F300,0,英屬維京群島商創高技術有限公司台灣分公司,"1,000",2018/11/14,2023/11/13,,,,
6614,F300,F100,英屬維京群島商創高技術有限公司台灣分公司,"7,000",2015/6/5,2020/6/4,,,,
6614,F300,F300,英屬維京群島商創高技術有限公司台灣分公司,"4,000",2018/11/14,2023/11/13,,,,
A141,1,1,CREATIVE SEMICONDUCTOR LTD（创意半导体有限公司）,100,2017/5/4,2020/5/5,,,,
A167,1,1,北京宠小乐科技有限公司,"1,000",2018/1/19,2018/12/31,,,暂停服务,
A124,1,1,深圳市创玄微科技有限公司,"10,000",,2019/12/31,,,暂停服务,
A200,1,1,深圳市大工創新技術有限公司,"10,000",2018/11/7,2021/11/8,G,4.719,1,5.719
A200,1,2,深圳市大工創新技術有限公司,"1,000",2019/7/12,2020/7/11,G,,一年一块,
A149,1,1,深圳道可视科技有限公司,"1,000",,2019/12/31,,,一年一块,
A208,1,1,上海盾米电子科技有限公司,"1,000",2019/1/23,2022/1/22,D,15,1,16
A140,1,3,深圳市大迈科技有限公司,"10,000",2018/10/15,2023/10/31,G,6.5,,6.5
9340,F300,F100,摩百電子,"3,000",2014/9/30,永久,,,,
9,1,1,深圳市東舜时代科技有限公司,"65,000",2019/12/27,2022/12/26,G,1,0.66,1.66
9,2,2,深圳市東舜时代科技有限公司,"65,000",2019/12/27,2022/12/26,,,三年两块,
9,3,3,深圳市東舜时代科技有限公司,"65,000",2019/12/27,2022/12/26,,,三年两块,
9,4,4,深圳市東舜时代科技有限公司,"5,000",2019/12/27,2022/12/26,,,三年两块,
9,5,5,深圳市東舜时代科技有限公司,"50,000",2019/12/27,2022/12/26,,,三年两块,
9,6,6,深圳市東舜时代科技有限公司,"50,000",2019/12/27,2022/12/26,,,三年两块,
9,7,7,深圳市東舜时代科技有限公司,"50,000",2019/12/27,2022/12/26,,,三年两块,
9,8,8,深圳市東舜时代科技有限公司,"50,000",2019/12/27,2022/12/26,,,三年两块,
9,9,9,深圳市東舜时代科技有限公司,"33,000",2019/12/27,2022/12/26,,,三年两块,
9,12,12,深圳市東舜时代科技有限公司,"41,684",2020/1/13,2023/1/15,,,三年两块,
9,13,13,深圳市東舜时代科技有限公司,"58,316",2020/3/31,2023/3/30,,,三年两块,
A119,1,1,深圳市大研智能科技有限公司,"1,000",,永久,,,,
C019,A100,1,Perimeter Safe (ebuy now),"3,000",2017/8/24,2022/8/23,,,,
A178,1,1,深圳市二八智能家居有限公司,100,2018/4/17,2021/4/18,,,,
C08A,F300,F100,福建創高安防技術股份有限公司,"21,200",2018/11/14,2023/11/13,,,,
C08A,F300,F101,福建創高安防技術股份有限公司,"5,000",2016/6/15,2021/6/30,,,,
C08A,F300,F102,福建創高安防技術股份有限公司,"5,000",2016/11/1,2021/11/1,,,,
A109,1,1,丰唐物联技术（深圳）有限公司,"10,000",2019/7/23,2020/7/31,C,7,,7
6035,F300,F100,"FOCUS H&S Co., Ltd","1,000",2017/8/31,2020/8/30,,,一年一块,
6035,F300,F102,"FOCUS H&S Co., Ltd","1,000",2017/8/31,2020/8/30,,,,
A218,1,1,赋之科技（深圳）有限公司,100,2019/8/19,2022/8/18,,,一年一块,
AA77,F300,F101,GEP Technology Co. LTD(深圳市格萊盛科技有限公司),"5,000",2016/11/8,2021/11/10,,,一年一块,
A154,1,2,成都国科微电子有限公司,"65,000",2017/11/29,2020/11/30,G,0.13,0.3,0.43
A154,1,3,成都国科微电子有限公司,"65,000",2017/11/29,2020/11/30,,,0.3一年,
A154,1,4,成都国科微电子有限公司,"65,000",2017/11/29,2020/11/30,,,0.3一年,
A154,1,5,成都国科微电子有限公司,"65,000",2017/11/29,2020/11/30,,,0.3一年,
A154,1,6,成都国科微电子有限公司,"65,000",2017/11/29,2020/11/30,,,0.3一年,
A154,1,7,成都国科微电子有限公司,"65,000",2017/11/29,2020/11/30,,,0.3一年,
A154,1,8,成都国科微电子有限公司,"65,000",2017/11/29,2020/11/30,,,0.3一年,
A154,1,9,成都国科微电子有限公司,"45,000",2017/11/29,2020/11/30,,,0.3一年,
A113,1,1,深圳市高斯贝尔家居智能电子有限公司,"7,000",,2019/12/31,G,4,1,5
8801,F100,F300,金青科技股份有限公司,50,2015/4/8,無申請單,,,,
A144,1,1,深圳市汉科电子股份有限公司,"1,000",2017/5/22,2020/5/23,,,,
17,2,2,海德威,90,,無申請單,,,,
A198,1,1,鸿富锦精密电子（郑州）有限公司,"1,000",2018/10/9,2021/10/10,,,一年一块,
B013,1111,1111,杭州海康威视数字技术股份有限公司,"10,000",2017/6/20,2020/6/21,G,4.5,0.5,5
2521,A100,F100,汯鉅科技有限公司,"1,000",2018/1/2,2022/1/1,,,,
B024,2222,2222,杭州海康威视科技有限公司,"5,000",2018/1/8,2021/1/9,,,0.5一年,
A217,1,1,深圳市华利宏电子有限公司,"2,000",2019/8/16,2022/8/15,G,无UID费用,1,
A217,1,2,深圳市华利宏电子有限公司,"2,000",2019/8/22,2022/8/21,G,,1,
4643,F300,F100,環名興業有限公司,"20,000",2016/5/24,永久,,,,
E002,1,1,武汉赫天光电股份有限公司,"10,000",,無申請單,,,暂停服务,
A157,1,1,深圳市华意视讯科技有限公司,"65,000",,無申請單,G,2,0.66,2.66
A157,1,2,深圳市华意视讯科技有限公司,"45,000",,無申請單,G,,三年两块,
A188,1,1,深圳东方红鹰科技有限公司,"1,000",2018/7/18,2021/7/19,,,一年一块,
A101,2,2,深圳市爱看科技有限公司,"4,010",,無申請單,,,,
2890,F200,0,芯鼎科技股份有限公司,"1,150",2018/12/17,永久,,,,
2890,F300,0,芯鼎科技股份有限公司,540,2014/11/4,永久,,,,
AAA0,B812,2,深圳市汉维智能科技有限公司,"1,000",2017/11/28,2022/11/29,,,一年一块,
D004,2,2,天津华来科技有限公司,"15,000",2017/3/28,2022/3/29,,,0.3一年,
D004,3,3,天津华来科技有限公司,"15,000",2017/3/28,2022/3/29,,,0.3一年,
D004,4,4,天津华来科技有限公司,"10,000",,無申請單,,,0.3一年,
D004,5,5,天津华来科技有限公司,"11,000",2017/6/29,2022/6/30,,,0.3一年,
D004,7,7,天津华来科技有限公司,"37,990",2017/11/30,2017/12/1,,,0.3一年,
D004,10,10,天津华来科技有限公司,"50,000",2018/3/29,2023/3/30,,,0.3一年,
D004,11,11,天津华来科技有限公司,"50,000",2018/5/16,2023/5/17,,,0.3一年,
D004,12,12,天津华来科技有限公司,"50,000",2018/5/16,2023/5/17,,,0.3一年,
D004,13,13,天津华来科技有限公司,"10,000",2018/5/16,2023/5/17,,,0.3一年,
D004,14,14,天津华来科技有限公司,"65,000",2018/6/29,2023/6/30,,,0.3一年,
D004,15,15,天津华来科技有限公司,"35,000",2018/6/29,2023/6/30,,,0.3一年,
D004,16,16,天津华来科技有限公司,"50,000",2018/6/29,2023/6/30,,,0.3一年,
D004,17,17,天津华来科技有限公司,"65,000",2018/7/25,2023/7/26,,,0.3一年,
D004,18,18,天津华来科技有限公司,"35,000",2018/7/25,2023/7/26,,,0.3一年,
D004,19,19,天津华来科技有限公司,"50,000",2018/7/25,2023/7/26,,,0.3一年,
D004,20,20,天津华来科技有限公司,"65,000",2018/8/23,2023/8/24,,,0.3一年,
D004,21,21,天津华来科技有限公司,"45,000",2018/8/23,2023/8/24,,,0.3一年,
D004,22,22,天津华来科技有限公司,"40,000",2018/8/23,2023/8/24,,,0.3一年,
D004,23,23,天津华来科技有限公司,"65,000",2018/5/16,2023/5/17,,,0.3一年,
D004,24,24,天津华来科技有限公司,"65,000",2018/9/25,2023/9/26,,,0.3一年,
D004,25,25,天津华来科技有限公司,"20,000",2018/9/25,2023/9/26,,,0.3一年,
D004,26,26,天津华来科技有限公司,"65,000",2018/10/26,2023/10/27,,,0.3一年,
D004,27,27,天津华来科技有限公司,"35,000",2018/10/26,2023/10/27,,,0.3一年,
D004,28,28,天津华来科技有限公司,"65,000",2018/11/30,2023/12/1,,,0.3一年,
D004,29,29,天津华来科技有限公司,"65,000",2018/11/30,2023/12/1,,,0.3一年,
D004,30,30,天津华来科技有限公司,"20,000",2018/11/30,2023/12/1,,,0.3一年,
D004,31,31,天津华来科技有限公司,"65,000",2018/12/28,2023/12/29,,,0.3一年,
D004,32,32,天津华来科技有限公司,"35,000",2018/12/28,2023/12/29,,,0.3一年,
D004,33,33,天津华来科技有限公司,"50,000",2018/12/28,2023/12/29,,,0.3一年,
D004,34,34,天津华来科技有限公司,"65,000",2019/1/21,2024/1/20,,,0.3一年,
D004,35,35,天津华来科技有限公司,"65,000",2019/1/21,2024/1/20,,,0.3一年,
D004,36,36,天津华来科技有限公司,"20,000",2019/1/21,2024/1/20,,,0.3一年,
D004,37,37,天津华来科技有限公司,"65,000",2019/2/26,2024/2/25,,,0.3一年,
D004,38,38,天津华来科技有限公司,"65,000",2019/2/26,2024/2/25,,,0.3一年,
D004,39,39,天津华来科技有限公司,"20,000",2019/2/26,2024/2/25,,,0.3一年,
D004,40,40,天津华来科技有限公司,"65,000",2019/3/27,2024/3/26,,,0.3一年,
D004,41,41,天津华来科技有限公司,"65,000",2019/3/27,2024/3/26,,,0.3一年,
D004,42,42,天津华来科技有限公司,"65,000",2019/3/27,2024/3/26,,,0.3一年,
D004,43,43,天津华来科技有限公司,"5,000",2019/3/27,2024/3/26,,,0.3一年,
D004,44,44,天津华来科技有限公司,"65,000",2019/4/26,2024/4/25,,,0.3一年,
D004,45,45,天津华来科技有限公司,"65,000",2019/4/26,2024/4/25,,,0.3一年,
D004,46,46,天津华来科技有限公司,"20,000",2019/4/26,2024/4/25,,,0.3一年,
D004,47,47,天津华来科技有限公司,"65,000",2019/5/28,2024/5/27,,,0.3一年,
D004,48,48,天津华来科技有限公司,"65,000",2019/5/28,2024/5/27,,,0.3一年,
D004,49,49,天津华来科技有限公司,"20,000",2019/5/28,2024/5/27,,,0.3一年,
D004,50,50,天津华来科技有限公司,"65,000",2019/6/19,2024/6/18,,,0.3一年,
D004,51,51,天津华来科技有限公司,"35,000",2019/6/19,2024/6/18,,,0.3一年,
D004,52,52,天津华来科技有限公司,"50,000",2019/6/19,2024/6/18,,,0.3一年,
D004,53,53,天津华来科技有限公司,"65,000",2019/7/11,2024/7/10,,,0.3一年,
D004,54,54,天津华来科技有限公司,"65,000",2019/7/11,2024/7/10,,,0.3一年,
D004,55,55,天津华来科技有限公司,"20,000",2019/7/11,2024/7/10,,,0.3一年,
D004,56,56,天津华来科技有限公司,"15,000",2019/8/2,2024/8/1,,,0.3一年,
D004,57,57,天津华来科技有限公司,"65,000",2019/8/2,2024/8/1,,,0.3一年,
D004,58,58,天津华来科技有限公司,"20,000",2019/8/2,2024/8/1,,,0.3一年,
D004,59,59,天津华来科技有限公司,"50,000",2019/8/23,永久,,,0.3一年,
D004,60,60,天津华来科技有限公司,"65,000",2019/8/27,永久,,,0.3一年,
D004,61,61,天津华来科技有限公司,"65,000",2019/8/27,永久,,,0.3一年,
D004,62,62,天津华来科技有限公司,"65,000",2019/8/27,永久,,,0.3一年,
D004,63,63,天津华来科技有限公司,"5,000",2019/8/27,永久,,,0.3一年,
D004,64,64,天津华来科技有限公司,"65,000",2019/9/27,永久,,,0.3一年,
D004,65,65,天津华来科技有限公司,"65,000",2019/9/27,永久,,,0.3一年,
D004,66,66,天津华来科技有限公司,"65,000",2019/9/27,永久,,,0.3一年,
D004,67,67,天津华来科技有限公司,"65,000",2019/9/27,永久,,,0.3一年,
D004,68,68,天津华来科技有限公司,"65,000",2019/9/27,永久,,,0.3一年,
D004,69,69,天津华来科技有限公司,"65,000",2019/9/27,永久,,,0.3一年,
D004,70,70,天津华来科技有限公司,"65,000",2019/11/12,永久,,,0.3一年,
D004,71,71,天津华来科技有限公司,"65,000",2019/11/12,永久,,,0.3一年,
D004,72,72,天津华来科技有限公司,"65,000",2019/11/12,永久,,,0.3一年,
D004,73,73,天津华来科技有限公司,"65,000",2019/11/12,永久,,,0.3一年,
D004,74,74,天津华来科技有限公司,"65,000",2019/11/12,永久,,,0.3一年,
D004,75,75,天津华来科技有限公司,"65,000",2019/11/12,永久,,,0.3一年,
D004,76,76,天津华来科技有限公司,"65,000",2019/12/6,永久,,,0.3一年,
D004,77,77,天津华来科技有限公司,"65,000",2019/12/6,永久,,,0.3一年,
D004,78,78,天津华来科技有限公司,"65,000",2019/12/6,永久,,,0.3一年,
D004,79,79,天津华来科技有限公司,"65,000",2019/12/6,永久,,,0.3一年,
D004,80,80,天津华来科技有限公司,"65,000",2019/12/6,永久,,,0.3一年,
D004,81,81,天津华来科技有限公司,"65,000",2019/12/6,永久,,,0.3一年,
D004,82,82,天津华来科技有限公司,"1,000",2020/1/2,2023/1/1,,,0.3一年,
D004,83,83,天津华来科技有限公司,"65,000",2020/1/14,永久,,,0.3一年,
D004,84,84,天津华来科技有限公司,"65,000",2020/1/14,永久,,,0.3一年,
D004,85,85,天津华来科技有限公司,"65,000",2020/1/14,永久,,,0.3一年,
D004,86,86,天津华来科技有限公司,"65,000",2020/1/14,永久,,,0.3一年,
D004,87,87,天津华来科技有限公司,"65,000",2020/1/14,永久,,,0.3一年,
D004,88,88,天津华来科技有限公司,"65,000",2020/1/14,永久,,,0.3一年,
D004,89,89,天津华来科技有限公司,"10,000",2020/2/25,2023/2/24,,,0.3一年,
D004,90,90,天津华来科技有限公司,"65,000",2020/3/2,永久,,,0.3一年,
D004,91,91,天津华来科技有限公司,"65,000",2020/3/2,永久,,,0.3一年,
D004,92,92,天津华来科技有限公司,"65,000",2020/3/2,永久,,,0.3一年,
D004,93,93,天津华来科技有限公司,"65,000",2020/3/2,永久,,,0.3一年,
D004,94,94,天津华来科技有限公司,"16,331",2020/3/2,永久,,,0.3一年,
D004,95,95,天津华来科技有限公司,"65,000",2020/3/25,永久,,,0.3一年,
D004,96,96,天津华来科技有限公司,"65,000",2020/3/25,永久,,,0.3一年,
D004,97,97,天津华来科技有限公司,"65,000",2020/3/25,永久,,,0.3一年,
D004,98,98,天津华来科技有限公司,"65,000",2020/3/25,永久,,,0.3一年,
D004,99,99,天津华来科技有限公司,"65,000",2020/3/25,永久,,,0.3一年,
D004,100,100,天津华来科技有限公司,"65,000",2020/3/25,永久,,,0.3一年,
D004,3333,3333,天津华来科技有限公司,"40,000",2017/3/28,2022/3/29,,,0.3一年,
D004,5555,5555,天津华来科技有限公司,"39,000",2017/6/29,2022/6/30,,,0.3一年,
D004,6666,6666,天津华来科技有限公司,"50,000",2017/6/29,2022/6/30,,,0.3一年,
D004,7777,7777,天津华来科技有限公司,"21,000",2017/11/30,2022/12/1,,,0.3一年,
D004,8888,8888,天津华来科技有限公司,"40,000",2017/11/30,2022/12/1,,,0.3一年,
D004,9999,9999,天津华来科技有限公司,"50,000",2018/3/29,2023/3/30,,,0.3一年,
5536,F300,F300,捷洲資訊股份有限公司,"5,000",2016/5/27,2019/5/31,,,,
1608,F300,F100,鈞皇有限公司,"1,000",2016/6/27,永久,,,,
1608,F300,F102,鈞皇有限公司,"5,000",2018/12/5,2022/7/1,,,,
A177,1,1,杭州矩视科技有限公司,"1,000",2018/3/30,2021/3/31,,,,
A177,1,2,杭州矩视科技有限公司,"2,000",2018/6/29,2021/6/30,,,,
AA64,1,1,深圳市京华信息技术有限公司,"2,000",,2019/12/31,,,,
8349,0,0,晶暉科技股份有限公司,20,,無申請單,,,,
AA35,1001,1001,康拓實業(深圳)有限公司,"22,000",2019/5/29,2022/5/28,,,一年一块,
AA35,1001,1002,康拓實業(深圳)有限公司,"30,000",2019/12/18,2022/12/17,,,一年一块,
AA69,1,1,深圳市揽胜科技有限公司,"20,227",,無申請單,F,7,1,8
AA69,1,3,深圳市揽胜科技有限公司,"2,020",2017/5/12,2020/5/13,,,一年一块,
AA69,1,4,深圳市揽胜科技有限公司,"3,000",2017/11/16,2020/11/17,,,一年一块,
AA69,1,5,深圳市揽胜科技有限公司,"1,719",2018/3/30,2021/3/31,,,一年一块,
AA69,1,6,深圳市揽胜科技有限公司,"1,100",2018/5/15,2021/5/16,,,一年一块,
AA69,1,7,深圳市揽胜科技有限公司,"1,000",2018/11/8,2021/11/9,,,一年一块,
AA69,1,8,深圳市揽胜科技有限公司,"1,000",2018/11/30,2021/12/1,,,一年一块,
AA69,1,9,深圳市揽胜科技有限公司,"1,000",2019/1/21,2022/1/20,,,一年一块,
AA69,1,10,深圳市揽胜科技有限公司,"2,000",2019/4/26,2022/4/25,,,一年一块,
AA69,1,11,深圳市揽胜科技有限公司,"1,000",2019/5/13,2022/5/12,,,一年一块,
AA69,1,12,深圳市揽胜科技有限公司,"1,000",2019/8/30,2022/8/29,,,一年一块,
A153,1,1,漳州立达信电子科技有限公司,200,2018/7/3,2021/7/4,,,一年一块,
A153,1,2,漳州立达信电子科技有限公司,250,2018/10/10,2021/10/11,,,一年一块,
A153,1,3,漳州立达信电子科技有限公司,300,2018/12/11,2021/12/11,,,一年一块,
A170,1,1,深圳壹零后信息技术有限公司,"1,000",,永久,,,一年一块,
A232,1,1,丽元照明科技有限公司,3,2020/3/5,2020/4/4,,,暂停服务,
A130,1,1,深圳珑璟光电技术有限公司,"1,000",2016/9/8,2019/9/30,F,7,1,8
A130,1,2,深圳珑璟光电技术有限公司,"1,000",2017/7/24,2020/7/25,,,一年一块,
A130,1,3,深圳珑璟光电技术有限公司,"1,000",2017/9/14,2020/9/15,,,一年一块,
A130,1,4,深圳珑璟光电技术有限公司,"7,000",2017/12/11,2020/12/12,,,一年一块,
3603,1,1,陸豪,120,2018/10/15,2019/10/14,,,,
AA13,1,1,苏州博联科技有限公司,"5,000",,無申請單,,,暂停服务,
AA13,1,1,苏州博联科技有限公司,5000,,無申請單,,,暂停服务,
A216,1,1,名商科技有限公司,500,2019/7/1,2022/6/30,,,一年一块,
AA84,1,1,深圳市南博旺精密机械有限公司,"10,000",,2019/12/31,,,暂停服务,
AA84,1,1,深圳市南博旺精密机械有限公司,10000,,2019/12/31,,,暂停服务,
B020,1,1,南京物联传感技术有限公司,"5,000",2018/2/2,2023/2/1,,,一年一块,
A125,1,2,中山君铠电子科技有限公司,"1,000",2017/2/21,2020/2/28,,,一年一块,
A125,1,3,中山君铠电子科技有限公司,"1,000",2017/5/15,2020/5/16,,,一年一块,
A125,1,4,中山君铠电子科技有限公司,"1,154",2017/8/7,2020/8/8,,,一年一块,
A191,1,1,珠海欧凯智能科技有限公司,"1,000",2018/8/17,2021/8/18,,,一年一块,
A226,1,1,深圳欧诺发电子科技有限公司,"65,000",2019/12/13,2022/12/12,G,1,0.66,1.66
A226,1,2,深圳欧诺发电子科技有限公司,"35,000",2019/12/13,2022/12/12,,,三年两块,
AA39,AA39,2,先馳科技（廈門）有限公司,"1,000",2016/8/19,2019/10/20,,,暂停服务,
AA39,AA39,AA39,先馳科技（廈門）有限公司,"3,100",,無申請單,,,暂停服务,
1717,F300,F100,Dind Lisen Technology Company Ltd.,"1,799",2015/11/20,2018/11/20,,,,
1515,F300,F100,"OnSky, Inc.","5,000",2018/1/15,2018/1/31,,,,
2297,F300,F100,歐特斯股份有限公司,"1,000",2016/6/20,2019/6/30,,,,
2297,F300,F101,歐特斯股份有限公司,"1,000",2016/6/20,2019/6/30,,,,
A108,1,1,东莞市宝联电子科技有限公司,"1,000",,無申請單,,,暂停服务,
1616,F300,F100,Professional Computer Associes (PCA),"2,000",2015/4/8,2020/11/9,,,,
16C9,1,0,Planex Communications Inc.,"1,500",,自管,,,,
A150,1,1,Proexpress Distributor LLC,"25,000",2017/6/29,2020/6/30,,,,
C030,F300,F100,petkix,500,2020/3/18,2025/8/17,,,,
8797,F300,F100,一碩科技股份有限公司,200,2016/6/23,2019/6/30,,,暂停服务,
C028,1,1,Polsec AI Tecnologia Dainformacaoltda,"1,000",2019/10/17,2024/10/16,,,,
C028,1,2,Polsec AI Tecnologia Dainformacaoltda,"2,000",2020/2/20,2025/2/19,,,,
BA05,F300,F200,Power Great,200,2014/12/10,永久,,,,
A114,1,1,杭州觅睿科技有限公司(原杭州卓壮),"10,000",2016/3/21,2019/3/25,G,3.21,0.66,3.87
A114,2,2,杭州觅睿科技有限公司(原杭州卓壮),"50,000",2017/6/29,2020/6/30,,,三年两块,
A114,3,3,杭州觅睿科技有限公司(原杭州卓壮),"65,000",2018/4/11,2021/4/12,,,三年两块,
A114,4,4,杭州觅睿科技有限公司(原杭州卓壮),"35,000",2017/11/21,2020/12/12,,,三年两块,
A114,5,5,杭州觅睿科技有限公司(原杭州卓壮),"16,700",2017/11/22,2020/11/23,,,三年两块,
A114,6,6,杭州觅睿科技有限公司(原杭州卓壮),"2,000",2019/6/21,2022/6/20,,,三年两块,
A114,7,7,杭州觅睿科技有限公司(原杭州卓壮),"2,505",2019/9/27,2022/9/26,,,三年两块,
AA36,6,6,深圳市普順達科技有限公司,"4,803",2019/9/12,2023/3/11,G,2,0.66,2.66
AA36,6,7,深圳市普順達科技有限公司,"4,747",2019/9/12,2023/3/11,,,三年两块,
AA36,7,7,深圳市普順達科技有限公司,"1,533",2019/12/6,2023/6/5,,,三年两块,
AA36,8,8,深圳市普順達科技有限公司,600,2019/12/24,2023/6/23,,,三年两块,
AA36,9,9,深圳市普順達科技有限公司,500,2020/1/3,2023/7/5,,,三年两块,
AA36,10,10,深圳市普順達科技有限公司,"2,200",2020/1/7,2023/7/9,,,三年两块,
AA36,11,11,深圳市普順達科技有限公司,480,2020/1/16,2023/7/19,,,三年两块,
AA36,12,12,深圳市普順達科技有限公司,200,2020/3/11,2023/9/10,,,三年两块,
AA36,13,13,深圳市普順達科技有限公司,200,2020/3/11,2023/9/10,,,三年两块,
AA36,14,14,深圳市普順達科技有限公司,100,2020/3/11,2023/9/10,,,三年两块,
AA36,15,15,深圳市普順達科技有限公司,500,2020/3/11,2023/9/10,,,三年两块,
AA36,16,16,深圳市普順達科技有限公司,"1,000",,無申請單,,,三年两块,
AA36,17,17,深圳市普順達科技有限公司,"2,300",2020/3/16,2023/9/15,,,三年两块,
AA36,18,18,深圳市普順達科技有限公司,"1,000",2020/4/2,2023/10/1,,,三年两块,
AA36,19,19,深圳市普順達科技有限公司,387,2020/4/9,2023/10/8,,,三年两块,
AA36,20,20,深圳市普順達科技有限公司,"1,000",2020/4/9,2023/10/8,,,三年两块,
AA36,A001,A001,深圳市普順達科技有限公司,"2,500",,無申請單,,,三年两块,
AA36,A001,A003,深圳市普順達科技有限公司,"1,000",2017/1/11,2020/1/12,,,三年两块,
AA36,A001,A004,深圳市普順達科技有限公司,200,2017/1/11,2020/1/12,,,三年两块,
AA36,A001,A005,深圳市普順達科技有限公司,"1,300",2017/1/13,2020/1/14,,,三年两块,
AA88,1,1,深圳市乐蛋科技有限公司（瑞安捷）,"13,000",,無申請單,,,暂停服务,
AA46,1,1,珠海安聯銳視科技股份有限公司,"54,500",,無申請單,,,,
AA46,2,2,珠海安聯銳視科技股份有限公司,"20,000",,無申請單,,,,
AA46,3,3,珠海安聯銳視科技股份有限公司,"50,000",,無申請單,,,,
AA46,4,4,珠海安聯銳視科技股份有限公司,"29,999",2016/9/13,2019/9/30,G,1,4.5,5.5
AA46,5,5,珠海安聯銳視科技股份有限公司,"20,000",2016/12/7,2019/12/10,,,,
AA46,6,6,珠海安聯銳視科技股份有限公司,"30,000",2017/1/3,2020/1/2,,,,
AA46,7,7,珠海安聯銳視科技股份有限公司,"65,000",2017/3/10,2020/3/10,,,,
AA46,8,8,珠海安聯銳視科技股份有限公司,"35,000",2017/3/10,2020/3/10,,,,
AA46,9,9,珠海安聯銳視科技股份有限公司,"30,000",2017/8/18,2020/8/19,,,,
AA46,1010,1010,珠海安聯銳視科技股份有限公司,"20,000",2017/11/1,2020/11/2,,,,
AA46,1011,1011,珠海安聯銳視科技股份有限公司,"20,000",2017/11/29,2020/11/30,,,,
AA46,1012,1012,珠海安聯銳視科技股份有限公司,"20,000",2018/3/1,2021/3/2,,,,
AA46,1013,1013,珠海安聯銳視科技股份有限公司,"30,000",2018/3/2,2021/3/3,,,,
AA46,1014,1014,珠海安聯銳視科技股份有限公司,"2,600",2018/12/5,2023/12/4,,,,
AA46,1015,1015,珠海安聯銳視科技股份有限公司,500,2018/11/13,2021/11/14,,,,
AA46,1016,1016,珠海安聯銳視科技股份有限公司,"1,000",2018/11/28,2021/11/28,,,,
AA46,1017,1017,珠海安聯銳視科技股份有限公司,1000,2018/12/12,2021/12/13,,,,
AA46,2222,2222,珠海安聯銳視科技股份有限公司,"6,135",,2019/1/11,,,,
18D9,1,1,安帝愛科技(深圳)有限公司,"6,923",,無申請單,,4,0.66,4.66
AA93,1,2,安帝爱科技(深圳)有限公司,505,2019/9/27,2023/3/26,,,三年两块,
AA93,1,3,安帝爱科技(深圳)有限公司,495,2019/12/9,2023/6/8,,,三年两块,
AA93,1,4,安帝爱科技(深圳)有限公司,630,2019/12/10,2023/6/9,,,三年两块,
A139,1,1,易家智能有限公司,"10,000",2017/4/6,2020/4/5,F,7,1,8
A139,1,2,易家智能有限公司,"6,000",2020/4/9,2021/4/8,,,一年一块,
A152,1,1,"RIDERCAM CO.,LTD","10,000",2017/7/13,2020/7/14,,,,
B023,1,1,柔樂,"50,000",,無申請單,,,暂停服务,
A169,1,1,深圳诺欧博智能科技有限公司,"65,000",2018/1/31,2021/2/1,G,2.2,1,3.2
A169,1,2,深圳诺欧博智能科技有限公司,"65,000",2018/1/31,2021/2/1,,,一年一块,
A169,1,3,深圳诺欧博智能科技有限公司,"65,000",2018/1/31,2021/2/1,,,一年一块,
A169,1,4,深圳诺欧博智能科技有限公司,"5,000",2018/1/31,2021/2/1,,,一年一块,
B012,1,1,昆山瑞泰智能科技有限公司,"1,000",2019/3/28,2022/3/27,,,一年一块,
A190,1,1,上海热腾机电科技有限公司,"1,000",2018/8/10,2021/8/11,,,一年一块,
6992,F300,F100,勁儀科技股份有限公司,"10,000",2015/2/4,永久,,,,
6992,F300,F101,勁儀科技股份有限公司,"10,000",2017/6/22,永久,,,,
1903,F300,F100,SyncCam Inc,"1,000",2015/4/8,無申請單,,,,
A213,1,1,成都赛果物联网技术有限公司,500,2019/4/25,2020/4/24,,,一年一块,
A213,1,2,成都赛果物联网技术有限公司,500,2019/9/20,2020/9/19,,,一年一块,
C026,F100,F100,Send Flow,100,2019/9/23,2024/9/20,,,,
B017,1,1,上海森恩浦照明电器有限公司,"5,000",,無申請單,,,,
573,F300,F100,中磊電子股份有限公司,"10,000",2015/1/1,2019/12/23,,,,
5761,1,1,禾企電子股份有限公司,50,2014/6/9,永久,,,,
A222,1,1,深圳视联天下科技天下科技有限公司,300,2019/10/17,2022/10/16,,,,
6485,F300,F202,育鴻電子股份有限公司,200,2016/10/1,2021/9/30,,,,
AA50,1,1,深圳市希信能科技有限公司,"24,500",,2019/6/30,,,暂停服务,
AA50,1,001A,深圳市希信能科技有限公司,"1,000",2016/9/20,2019/9/30,,,暂停服务,
AA50,1,002A,深圳市希信能科技有限公司,"1,530",2016/10/14,2019/10/31,,,暂停服务,
AA50,1,003A,深圳市希信能科技有限公司,"2,000",2016/11/18,2019/11/30,,,暂停服务,
AA50,1,004A,深圳市希信能科技有限公司,"1,000",2017/4/18,2020/4/19,,,,
A176,1,1,深圳市视佳达科技有限公司,"65,000",2018/3/29,2021/3/30,F,2.4,1,
A176,1,2,深圳市视佳达科技有限公司,"35,000",2018/3/29,2021/3/30,F,,一年一块,
B021,1,1,苏州涟漪信息科技有限公司,"5,000",,無申請單,,,一年一块,
B021,3,003B,苏州涟漪信息科技有限公司,"5,000",2018/5/29,2023/5/30,F,6,1,7
B021,1001,1001,苏州涟漪信息科技有限公司,"5,000",2018/9/12,2021/9/13,F,,一年一块,
B021,1001,1002,苏州涟漪信息科技有限公司,"5,000",2019/4/30,2022/4/29,F,,一年一块,
B021,E001,E001,苏州涟漪信息科技有限公司,1,2019/3/8,2019/12/31,,,一年一块,
B021,E002,E002,苏州涟漪信息科技有限公司,1,2019/3/8,2019/12/31,,,一年一块,
B021,E003,E003,苏州涟漪信息科技有限公司,1,2019/3/8,2019/12/31,,,一年一块,
159,1,1,睿橋科技股份有限公司,"3,061",2012/10/23,2017/10/22,,,,
159,1,2,睿橋科技股份有限公司,100,2012/10/23,2017/10/22,,,,
159,1,3,睿橋科技股份有限公司,"1,000",2019/11/11,2020/11/10,,,,
C022,A100,F100,SNLogic,550,,無申請單,,,,
C014,F300,F100,Wirepath(SnapAV),60,,永久,,,,
C014,F300,F101,Wirepath(SnapAV),"20,001",,永久,,,,
C014,F300,F102,Wirepath(SnapAV),"5,000",,永久,,,,
7500,F100,F300,聲寶股份有限公司,"50,000",2016/8/3,2019/8/15,,,,
7500,F300,F300,聲寶股份有限公司,"50,000",2016/8/3,2019/8/15,,,,
4123,F300,F100,金智洋科技股份有限公司,"4,875",2016/4/15,永久,,,暂停服务,
A175,1,1,广州世荣电子股份有限公司,"1,000",2018/3/26,2021/3/27,,,一年一块,
AA65,0,0,深圳市丰禾原电子科技有限公司,"3,790",,無申請單,,,暂停服务,
B009,1,001A,上海晟卫电子科技有限公司,"1,000",2016/5/26,2019/5/25,,,暂停服务,
2890,F300,1,芯鼎科技股份有限公司,570,2018/6/22,永久,,,暂停服务,
CA02,F300,F200,創見資訊股份有限公司,"3,000",2016/5/13,永久,,,,
A197,1,2,杭州韬视科技有限公司,10,2018/10/9,2021/10/10,,,三年两块,
A197,1,3,杭州韬视科技有限公司,29990,2019/4/11,2022/4/10,G,2,0.66,2.66
A197,1,4,杭州韬视科技有限公司,30000,2019/6/4,2022/6/3,G,,三年两块,
0,0,0,物聯智慧,0,,永久,,,,
5478,1,1,物聯智慧,"5,502",,永久,,,,
5478,2,1,物聯智慧,339,,永久,,,,
5478,1500,1,物聯智慧,200,,永久,,,,
5478,1501,1,物聯智慧,"2,000",,永久,,,,
5478,A001,1,物聯智慧,500,,永久,,,,
5478,A002,1,物聯智慧,"2,000",,永久,,,,
5478,A002,2,物聯智慧,40,,永久,,,,
5478,A003,1,物聯智慧,"10,000",2019/9/9,2020/9/8,,,,
5478,A003,2,物聯智慧,"32,130",2020/4/17,永久,,,,
5478,F001,1,物聯智慧,150,,永久,,,,
5478,F100,F500,物聯智慧,"1,001",,永久,,,,
5478,F300,F005,物聯智慧,3,,永久,,,,
5478,F900,F200,物聯智慧,142,,永久,,,,
A233,1,1,图灵视讯(深圳)有限公司,200,2020/3/16,2023/3/15,,,一年一块,
A233,1,2,图灵视讯(深圳)有限公司,800,2020/3/16,2023/3/15,,,一年一块,
2,1,1,深圳市騰威視科技有限公司,10000,,2020/8/31,G,1,0.3,1.3
2,4,0,深圳市騰威視科技有限公司,50,,2020/8/31,,,0.3一年,
2,5,0,深圳市騰威視科技有限公司,4572,,2020/8/31,,,0.3一年,
2,111,1,深圳市騰威視科技有限公司,63231,,2020/8/31,,,0.3一年,
2,111,2,深圳市騰威視科技有限公司,65000,,2020/8/31,,,0.3一年,
2,111,3,深圳市騰威視科技有限公司,42500,,2020/8/31,,,0.3一年,
2,111,4,深圳市騰威視科技有限公司,60000,,2019/6/30,,,0.3一年,
2,111,5,深圳市騰威視科技有限公司,59999,,2019/6/30,,,0.3一年,
2,111,6,深圳市騰威視科技有限公司,"35,000",2018/6/6,2021/6/6,,,0.3一年,
2,111,7,深圳市騰威視科技有限公司,"5,000",2018/12/25,2021/12/25,,,0.3一年,
2,111,8,深圳市騰威視科技有限公司,"30,000",2019/8/13,2022/8/12,,,0.3一年,
2,111,9,深圳市騰威視科技有限公司,"20,000",2019/8/13,2022/8/12,,,0.3一年,
2106,A001,A003,Vtech AUS,"9,177",2017/8/7,2022/9/8,,,,
2106,A001,A004,Vtech AUS,"5,000",2019/4/17,2024/5/16,,,,
A106,A001,A004,VTech Telecommunications Ltd.,"6,000",2018/8/22,2023/9/23,,,,
A106,B001,B012,VTech Telecommunications Ltd.,"1,300",2018/7/30,2023/8/31,,,,
A106,B001,B013,VTech Telecommunications Ltd.,"2,850",2018/9/4,2023/10/5,,,,
A106,B001,B014,VTech Telecommunications Ltd.,"10,500",2018/10/8,2023/11/9,,,,
A106,B001,B016,VTech Telecommunications Ltd.,"5,900",2019/3/28,2024/4/27,,,,
A106,B001,B017,VTech Telecommunications Ltd.,"10,000",2019/6/24,2024/7/23,,,,
A106,B001,B018,VTech Telecommunications Ltd.,"3,750",2019/8/2,2024/9/1,,,,
A106,B001,B019,VTech Telecommunications Ltd.,"22,000",2019/9/6,2024/1005,,,,
A106,B001,B020,VTech Telecommunications Ltd.,"35,000",2019/10/29,2024/11/28,,,,
A106,B001,B021,VTech Telecommunications Ltd.,"23,000",2020/1/3,2025/2/6,,,,
A106,B001,B022,VTech Telecommunications Ltd.,"16,000",2020/1/15,2025/2/18,,,,
A106,B001,B023,VTech Telecommunications Ltd.,"50,000",2020/3/12,2025/9/11,,,,
A106,0,0,VTech Telecommunications Ltd.,"10,000",2015/10/16,2020/10/31,,,,
A106,1,1,VTech Telecommunications Ltd.,"1,000",2017/1/11,2020/2/12,,,,
A106,A001,A001,VTech Telecommunications Ltd.,"1,600",2016/9/6,2021/10/31,,,,
A106,A001,A002,VTech Telecommunications Ltd.,923,2016/12/7,2020/1/31,,,,
A106,B001,B001,VTech Telecommunications Ltd.,"1,000",2016/9/19,2021/10/31,,,,
A106,B001,B002,VTech Telecommunications Ltd.,"4,000",2016/11/30,2021/12/31,,,,
A106,B001,B003,VTech Telecommunications Ltd.,"6,000",2016/12/7,2020/1/31,,,,
A106,B001,B004,VTech Telecommunications Ltd.,"2,000",2017/1/12,2022/2/12,,,,
A106,B001,B005,VTech Telecommunications Ltd.,"1,300",2017/3/6,2022/4/6,,,,
A106,B001,B006,VTech Telecommunications Ltd.,"7,700",2017/4/25,2022/5/26,,,,
A106,B001,B007,VTech Telecommunications Ltd.,"10,000",2017/5/31,2022/6/30,,,,
A106,B001,B008,VTech Telecommunications Ltd.,"24,000",2017/6/21,2022/7/22,,,,
A106,B001,B010,VTech Telecommunications Ltd.,"12,000",2017/9/7,2022/10/8,,,,
A118,1,1,深圳中科沃尔科技有限公司,"1,000",,永久,,,暂停服务,
A118,1,2,深圳中科沃尔科技有限公司,"1,000",2016/9/18,2019/9/30,,,暂停服务,
A118,1,3,深圳中科沃尔科技有限公司,"1,000",2016/11/23,2019/11/30,,,暂停服务,
A118,1,4,深圳中科沃尔科技有限公司,"1,000",2017/4/18,2020/4/19,,,,
A118,1,5,深圳中科沃尔科技有限公司,"1,000",2017/9/25,2020/9/26,,,,
AA80,1,1,深圳市力科威尔智能科技有限公司,"8,000",2019/3/8,2020/3/31,,,,
C013,1,1,"Speedy Growth International CO.,LTD","1,000",2017/2/15,2020/2/28,,,暂停服务,
C021,A100,F100,Winplus,"3,000",2018/1/31,2025/1/30,,,,
2039,F300,F100,物聯網科技股份有限公司,"2,000",2014/8/12,永久,,,,
2039,F300,F200,物聯網科技股份有限公司,"1,250",2016/8/10,永久,,,,
2039,F400,F200,物聯網科技股份有限公司,"2,200",2016/12/12,永久,,,,
A194,1,1,北京微云智联科技有限公司,"1,000",2018/8/31,2021/8/31,,,一年一块,
A225,1,1,吾智科技有限公司,"1,200",2019/11/26,2022/11/25,,,一年一块,
A225,2,2,吾智科技有限公司,"4,100",2019/12/10,2022/12/9,,,一年一块,
B022,3,3,炫彩,"5,000",,無申請單,,,暂停服务,
AA89,2,2,四川鑫安物联科技有限公司,"1,000",,永久,,,暂停服务,
A195,1,1,深圳市星图智控科技有限公司,"10,000",2018/11/12,2021/11/13,F,7,1,8
A219,1,1,深圳市旭日东方实业有限公司,"1,000",2019/8/23,2022/8/22,,,一年一块,
A219,1,2,深圳市旭日东方实业有限公司,"1,000",2019/10/30,2022/10/29,,,一年一块,
231,1,1,上海骁景智能科技有限公司,500,2020/3/2,2021/3/1,,,一年一块,
A224,1,1,武汉星巡智能科技有限公司,"10,000",2019/12/17,2022/12/16,F,4.5,1,5.5
A224,1,2,武汉星巡智能科技有限公司,"1,000",2019/12/23,2022/12/22,F,,一年一块,
A223,1,1,恒科電子科技有限公司,"10,000",2019/11/4,2024/11/3,F,5,1,6
A187,1,1,深圳市云加科技有限公司,"1,000",2018/7/18,2021/7/19,,,一年一块,
A187,1,2,深圳市云加科技有限公司,"1,654",2019/6/13,2022/6/12,,,一年一块,
A116,1,1,深圳壹零后信息技术有限公司,"1,000",,永久,,,一年一块,
A214,1,1,深圳市引力子区块链科技有限公司,"1,100",2019/8/1,2020/7/31,,,一年一块,
6103,1,1,宥東科技有限公司,"6,740",2014/8/18,永久,,,,
4884,F300,F100,悠克電子股份有限公司,"5,000",2014/6/8,永久,,,,
A228,1,1,厦门盈趣科技股份有限公司 ,500,2019/12/20,2022/12/19,,,一年一块,
A166,1,1,芜湖市彦思科技有限公司,"1,020",2018/1/15,2023/1/16,,,一年一块,
A174,1,1,广东南海鹰视通达科技有限公司,"1,000",2018/3/23,2021/3/24,,,暂停服务,
A134,1,1,深圳市盈视讯电子科技有限公司,"65,000",2016/12/28,2019/12/27,,,0.3一年,
A134,1,2,深圳市盈视讯电子科技有限公司,"65,000",2016/12/28,2019/12/27,,,0.3一年,
A134,1,3,深圳市盈视讯电子科技有限公司,"65,000",2016/12/28,2019/12/27,,,0.3一年,
A134,1,4,深圳市盈视讯电子科技有限公司,"5,000",2016/12/28,2019/12/27,,,0.3一年,
A134,1,5,深圳市盈视讯电子科技有限公司,"65,000",2017/11/28,2020/11/29,,,0.3一年,
A134,1,6,深圳市盈视讯电子科技有限公司,"65,000",2017/11/28,2020/11/29,,,0.3一年,
A134,1,7,深圳市盈视讯电子科技有限公司,"65,000",2017/11/28,2020/11/29,,,0.3一年,
A134,1,8,深圳市盈视讯电子科技有限公司,"5,000",2017/11/28,2020/11/29,,,0.3一年,
A134,1,9,深圳市盈视讯电子科技有限公司,"65,000",2017/12/18,2022/9/30,,,0.3一年,
A134,1,10,深圳市盈视讯电子科技有限公司,"65,000",2017/12/18,2022/9/30,,,0.3一年,
A134,1,11,深圳市盈视讯电子科技有限公司,"65,000",2017/12/18,2022/9/30,,,0.3一年,
A134,1,12,深圳市盈视讯电子科技有限公司,"5,000",2017/12/18,2022/9/30,,,0.3一年,
A134,1,13,深圳市盈视讯电子科技有限公司,"65,000",2018/1/8,2021/1/9,,,0.3一年,
A134,1,14,深圳市盈视讯电子科技有限公司,"65,000",2018/1/8,2021/1/9,,,0.3一年,
A134,1,15,深圳市盈视讯电子科技有限公司,"65,000",2018/1/8,2021/1/9,,,0.3一年,
A134,1,16,深圳市盈视讯电子科技有限公司,"5,000",2018/1/8,2021/1/9,,,0.3一年,
A134,1,17,深圳市盈视讯电子科技有限公司,"65,000",2018/1/31,2021/2/1,,,0.3一年,
A134,1,18,深圳市盈视讯电子科技有限公司,"65,000",2018/1/31,2021/2/1,,,0.3一年,
A134,1,19,深圳市盈视讯电子科技有限公司,"65,000",2018/1/31,2021/2/1,,,0.3一年,
A134,1,20,深圳市盈视讯电子科技有限公司,"5,000",2018/1/31,2021/2/1,,,0.3一年,
A134,1,22,深圳市盈视讯电子科技有限公司,"65,000",2018/3/5,2021/3/6,,,0.3一年,
A134,1,23,深圳市盈视讯电子科技有限公司,"65,000",2018/3/5,2021/3/6,,,0.3一年,
A134,1,24,深圳市盈视讯电子科技有限公司,"65,000",2018/3/5,2021/3/6,,,0.3一年,
A134,1,25,深圳市盈视讯电子科技有限公司,"5,000",2018/3/5,2021/3/6,,,0.3一年,
A134,1,26,深圳市盈视讯电子科技有限公司,"65,000",2018/4/9,2021/4/10,,,0.3一年,
A134,1,27,深圳市盈视讯电子科技有限公司,"65,000",2018/4/9,2021/4/10,,,0.3一年,
A134,1,28,深圳市盈视讯电子科技有限公司,"65,000",2018/4/9,2021/4/10,,,0.3一年,
A134,1,29,深圳市盈视讯电子科技有限公司,"5,000",2018/4/9,2021/4/10,,,0.3一年,
A134,1,30,深圳市盈视讯电子科技有限公司,"65,000",2018/5/4,2021/5/5,,,0.3一年,
A134,1,31,深圳市盈视讯电子科技有限公司,"65,000",2018/5/4,2021/5/5,,,0.3一年,
A134,1,32,深圳市盈视讯电子科技有限公司,"65,000",2018/5/4,2021/5/5,,,0.3一年,
A134,1,33,深圳市盈视讯电子科技有限公司,"5,000",2018/5/4,2021/5/5,,,0.3一年,
A134,1,34,深圳市盈视讯电子科技有限公司,"65,000",2018/6/7,2021/6/8,,,0.3一年,
A134,1,35,深圳市盈视讯电子科技有限公司,"65,000",2018/6/7,2021/6/8,,,0.3一年,
A134,1,36,深圳市盈视讯电子科技有限公司,"65,000",2018/6/7,2021/6/8,,,0.3一年,
A134,1,37,深圳市盈视讯电子科技有限公司,"5,000",2018/6/7,2021/6/8,,,0.3一年,
A134,1,38,深圳市盈视讯电子科技有限公司,"65,000",2018/6/26,2021/6/27,,,0.3一年,
A134,1,39,深圳市盈视讯电子科技有限公司,"65,000",2018/6/26,2021/6/27,,,0.3一年,
A134,1,40,深圳市盈视讯电子科技有限公司,"65,000",2018/6/26,2021/6/27,,,0.3一年,
A134,1,41,深圳市盈视讯电子科技有限公司,"5,000",2018/6/26,2021/6/27,,,0.3一年,
A134,1,42,深圳市盈视讯电子科技有限公司,"65,000",2018/8/28,2021/8/29,,,0.3一年,
A134,1,43,深圳市盈视讯电子科技有限公司,"65,000",2018/8/28,2021/8/29,,,0.3一年,
A134,1,44,深圳市盈视讯电子科技有限公司,"65,000",2018/8/28,2021/8/29,,,0.3一年,
A134,1,45,深圳市盈视讯电子科技有限公司,"65,000",2018/8/28,2021/8/29,,,0.3一年,
A134,1,46,深圳市盈视讯电子科技有限公司,"65,000",2018/8/28,2021/8/29,,,0.3一年,
A134,1,47,深圳市盈视讯电子科技有限公司,"65,000",2018/8/28,2021/8/29,,,0.3一年,
A134,1,48,深圳市盈视讯电子科技有限公司,"65,000",2018/8/28,2021/8/29,,,0.3一年,
A134,1,49,深圳市盈视讯电子科技有限公司,"45,000",2018/8/28,2021/8/29,,,0.3一年,
A134,1,50,深圳市盈视讯电子科技有限公司,"65,000",2018/9/27,2021/9/30,,,0.3一年,
A134,1,51,深圳市盈视讯电子科技有限公司,"65,000",2018/9/27,2021/9/30,,,0.3一年,
A134,1,52,深圳市盈视讯电子科技有限公司,"65,000",2018/9/27,2021/9/30,,,0.3一年,
A134,1,53,深圳市盈视讯电子科技有限公司,"65,000",2018/9/27,2021/9/30,,,0.3一年,
A134,1,54,深圳市盈视讯电子科技有限公司,"65,000",2018/9/27,2021/9/30,,,0.3一年,
A134,1,55,深圳市盈视讯电子科技有限公司,"65,000",2018/9/27,2021/9/30,,,0.3一年,
A134,1,56,深圳市盈视讯电子科技有限公司,"65,000",2018/9/27,2021/9/30,,,0.3一年,
A134,1,57,深圳市盈视讯电子科技有限公司,"45,000",2018/9/27,2021/9/30,,,0.3一年,
A134,1,58,深圳市盈视讯电子科技有限公司,"65,000",2018/10/15,2021/10/16,,,0.3一年,
A134,1,59,深圳市盈视讯电子科技有限公司,"65,000",2018/10/15,2021/10/16,,,0.3一年,
A134,1,60,深圳市盈视讯电子科技有限公司,"65,000",2018/10/15,2021/10/16,,,0.3一年,
A134,1,61,深圳市盈视讯电子科技有限公司,"65,000",2018/10/15,2021/10/16,,,0.3一年,
A134,1,62,深圳市盈视讯电子科技有限公司,"65,000",2018/10/15,2021/10/16,,,0.3一年,
A134,1,63,深圳市盈视讯电子科技有限公司,"65,000",2018/10/15,2021/10/16,,,0.3一年,
A134,1,64,深圳市盈视讯电子科技有限公司,"65,000",2018/10/15,2021/10/16,,,0.3一年,
A134,1,65,深圳市盈视讯电子科技有限公司,"45,000",2018/10/15,2021/10/16,,,0.3一年,
A134,1,66,深圳市盈视讯电子科技有限公司,"65,000",2018/11/26,2021/11/24,,,0.3一年,
A134,1,67,深圳市盈视讯电子科技有限公司,"65,000",2018/11/26,2021/11/24,,,0.3一年,
A134,1,68,深圳市盈视讯电子科技有限公司,"65,000",2018/11/26,2021/11/24,,,0.3一年,
A134,1,69,深圳市盈视讯电子科技有限公司,"65,000",2018/11/26,2021/11/24,,,0.3一年,
A134,1,70,深圳市盈视讯电子科技有限公司,"65,000",2018/11/26,2021/11/24,,,0.3一年,
A134,1,71,深圳市盈视讯电子科技有限公司,"65,000",2018/11/26,2021/11/24,,,0.3一年,
A134,1,72,深圳市盈视讯电子科技有限公司,"65,000",2018/11/26,2021/11/24,,,0.3一年,
A134,1,73,深圳市盈视讯电子科技有限公司,"45,000",2018/11/26,2021/11/24,,,0.3一年,
A134,2,2,深圳市盈视讯电子科技有限公司,"102,669",2019/11/26,2021/11/24,,,0.3一年,
A134,3,3,深圳市盈视讯电子科技有限公司,"25,000",2019/12/12,2022/12/3,,,0.3一年,
A134,4,4,深圳市盈视讯电子科技有限公司,"25,000",2019/12/12,2022/12/3,,,0.3一年,
A134,7,7,深圳市盈视讯电子科技有限公司,553,2019/12/13,2022/9/30,,,0.3一年,
A134,8,8,深圳市盈视讯电子科技有限公司,501,2019/12/13,2022/9/30,,,0.3一年,
A134,A001,A001,深圳市盈视讯电子科技有限公司,"28,750",2019/2/19,2022/9/30,,,0.3一年,
A212,1,1,深圳市银星智能科技股份有限公司,500,2019/4/24,2020/4/23,,,一年一块,
A220,1,1,深圳市中科智博瑞科技有限公司,"1,000",2019/9/26,2022/12/25,,,一年一块,
C005,F300,F300,深圳市智創聯科技有限公司,"10,000",2019/1/1,2019/12/31,,,,
C005,F300,F301,深圳市智創聯科技有限公司,"5,000",2019/1/1,2019/12/31,,,,
C005,F300,F302,深圳市智創聯科技有限公司,"5,000",2019/1/1,2019/12/31,,,,
C005,F300,F303,深圳市智創聯科技有限公司,"5,000",2019/1/1,2019/12/31,,,,
C005,F300,F304,深圳市智創聯科技有限公司,"5,000",2019/1/1,2019/12/31,,,,
C005,F300,F305,深圳市智創聯科技有限公司,"5,000",2019/4/1,2019/12/31,,,,
C005,F300,F306,深圳市智創聯科技有限公司,"5,000",2019/6/1,2019/12/31,,,,
C005,F300,F307,深圳市智創聯科技有限公司,"9,995",2020/1/1,2020/12/31,,,,
C014,F300,F101,Wirepath(SnapAV),"25,001",,永久,,,,
A183,1,1,深圳智鲁物联网技术有限公司,"10,000",2018/5/31,2023/5/31,G,3.1,1,4.1
A128,1,1,深圳市卓翼智造有限公司,"10,000",2016/8/29,2019/8/31,,,停止服务,
A128,1,2,深圳市卓翼智造有限公司,"30,000",2018/1/30,2021/1/31,,,一年一块,
A159,1,1,深圳市中舟智能科技有限公司,"1,000",2017/11/16,2020/11/17,,,一年一块,
